rsID	gene	panel	chr_pos	hgvs_c	clinvar_sig	UZB_AF_final	R2	confidence	source	allele_type_flag	NFE_freq	SAS_freq	delta_final_NFE	cpic_level	cpic_drug	star_allele	pheno
rs334	HBB	Carrier	11:5225464	p.Glu7Val	3 (expert panel)	0.000481	0.058	LOW_IMPUTED	IMPUTED	SNP_OK	0.0001	0.001	0.000381	0.075000	0.010000	0.001000	Sickle Cell Disease / HbSS
rs35979231	HBB	Carrier	11:5225333	p.(splicing)	3 (expert panel)	0.90515	0.8816	HIGH_IMPUTED	IMPUTED	SNP_OK	5e-05	0.006	0.9051	0.000100	0.000050	0.000020	Beta-Thalassemia
rs33950507	HBB	Carrier	11:5246696	p.Glu27Lys	3 (expert panel)	0.001425	0.3911	LOW_IMPUTED	IMPUTED	SNP_OK	5e-05	0.0002	0.001375	0.035000	0.002000	0.000100	HbC Disease
rs5030858	PAH	Carrier	12:102836264	p.Arg408Trp	3 (expert panel)	0.00037	0.2168	LOW_IMPUTED	IMPUTED	SNP_OK	0.008	0.001	-0.00763	0.000200	0.001000	0.000100	Phenylketonuria
rs76763715	GBA	Carrier	1:155235252	p.Asn409Ser	3 (expert panel)	0.001798	0.5095	MEDIUM_IMPUTED	IMPUTED	SNP_OK	0.002	0.0005	-0.000202	0.000300	0.000500	0.060000	Gaucher Disease Type 1
rs121912706	GALE	Carrier	1:23804040	p.Ser135Leu	2 (criteria provided)	0.000083	0.073	LOW_IMPUTED	IMPUTED	SNP_OK	0.00015	2e-05	-0.000067	0.000050	0.000100	0.000200	Galactose Epimerase Deficiency
rs77931234	ACADM	Carrier	1:75902429	p.Lys329Glu	3 (expert panel)	0.001924	0.8158	HIGH_IMPUTED	IMPUTED	SNP_OK	0.016	0.001	-0.014076	0.000500	0.002000	0.005000	MCAD Deficiency
rs116928232	LIPA	Carrier	10:91012234	p.(splicing)	3 (expert panel)	0.001545	0.516	MEDIUM_IMPUTED	IMPUTED	SNP_OK	0.0003	5e-05	0.001245	0.000050	0.000100	0.001000	Lysosomal Acid Lipase Deficiency (Wolman/CESD)
rs80338943	GJB2	Carrier	13:20189562	p.Gly12Valfs*2	3 (expert panel)	0.001805	0.5929	MEDIUM_IMPUTED	IMPUTED	SNP_OK	0.025	0.003	-0.023195	0.002000	0.010000	0.010000	Non-syndromic Hearing Loss DFNB1
rs28929474	SERPINA1	Carrier	14:94376311	p.Glu366Lys	3 (expert panel)	0.003663	0.7806	MEDIUM_IMPUTED	IMPUTED	SNP_OK	0.024	0.001	-0.020337	0.002000	0.005000	0.005000	Alpha-1 Antitrypsin Deficiency
rs118192058	ABCB11	Carrier	2:168915682	p.Glu1028Asp	2 (criteria provided)	0.002284	0.4059	MEDIUM_IMPUTED	IMPUTED	SNP_OK	0.0005	5e-05	0.001784	0.000100	0.000200	0.000100	Progressive Familial Intrahepatic Cholestasis Type 2
rs193922621	ABCC8	Carrier	11:17425284	p.(splicing)	3 (expert panel)	0.000699	0.6006	MEDIUM_IMPUTED	IMPUTED	SNP_OK	0.0004	5e-05	0.000299	0.000100	0.000200	0.017000	Familial Hyperinsulinism
rs80357906	BRCA1	Oncology	17:43094464	p.Gln1756Profs*74	4 (reviewed by expert panel)	0.038416	0.9667	HIGH_GENOTYPED	GENOTYPED	SNP_OK	0.0005	5e-05	0.037916	0.000100	0.000200	0.012000	Hereditary Breast and Ovarian Cancer
rs28909982	CHEK2	Oncology	22:28695868	p.Thr367Metfs*15	3 (expert panel)	0.000714	0.1709	LOW_IMPUTED	IMPUTED	SNP_OK	0.007	0.0002	-0.006286	0.000200	0.001000	0.000200	CHEK2-associated Breast Cancer
rs147021839	RAD51C	Oncology	17:58695868	p.(splicing)	2 (criteria provided)	0.000005	0.0087	LOW_IMPUTED	IMPUTED	SNP_OK	8e-05	1e-05	-0.000075	0.000020	0.000030	0.000010	RAD51C-associated Ovarian Cancer
rs146544075	BARD1	Oncology	2:215628730	p.Arg564*	2 (criteria provided)	0.007914	0.7646	MEDIUM_IMPUTED	IMPUTED	SNP_OK	8e-05	1e-05	0.007834	0.000020	0.000030	0.000010	BARD1-associated Breast Cancer
rs1801166	APC	Oncology	5:112839356	p.Cys510Arg	3 (expert panel)	0.003697	0.9635	HIGH_IMPUTED	IMPUTED	SNP_OK	8e-05	1e-05	0.003617	0.000020	0.000030	0.000020	Familial Adenomatous Polyposis
rs36053993	MUTYH	Oncology	1:45330550	p.Gly396Asp	4 (reviewed by expert panel)	0.004002	0.6517	HIGH_GENOTYPED	GENOTYPED	SNP_OK	0.007	0.0001	-0.002998	0.000100	0.000500	0.000100	MUTYH-Associated Polyposis (MAP)
rs11515	CDKN2A	Oncology	9:21975006	p.Asp101Tyr	3 (expert panel)	0.88877	0.8775	HIGH_IMPUTED	IMPUTED	SNP_OK	8e-05	1e-05	0.88869	0.000020	0.000030	0.000020	Familial Atypical Mole-Malignant Melanoma (FAMMM)
rs139656604	BAP1	Oncology	3:52435023	p.Asp660Metfs*2	2 (criteria provided)	0.010681	0.9319	HIGH_IMPUTED	IMPUTED	SNP_OK	8e-05	1e-05	0.010601	0.000020	0.000030	0.000020	BAP1 Tumour Predisposition Syndrome
rs35742686	CYP2D6	PGx	22:42126499	p.Pro34Ser	3 (expert panel)	0.004474	0.729	MEDIUM_IMPUTED	IMPUTED	SNP_OK	0.012	0.003	-0.007526	0.002000	0.005000	0.010000	CYP2D6 Poor Metabolizer
rs16947	CYP2D6	PGx	22:42128945	p.Arg296Cys	3 (expert panel)	0.355463	0.9578	HIGH_IMPUTED	IMPUTED	SNP_OK	0.018	0.005	0.337463	0.003000	0.008000	0.015000	CYP2D6 Reduced Function
rs28371706	CYP2D6	PGx	22:42126499	p.Pro341Leu	3 (expert panel)	0.0028	0.8535	HIGH_IMPUTED	IMPUTED	SNP_OK	0.03	0.008	-0.0272	0.005000	0.015000	0.025000	CYP2D6 Reduced Function
rs4244285	CYP2C19	PGx	10:94781859	p.(splicing)	3 (expert panel)	0.157542	0.9855	HIGH_IMPUTED	IMPUTED	SNP_OK	0.1	0.2	0.057542	0.050000	0.100000	0.100000	CYP2C19 Poor Metabolizer
rs4986893	CYP2C19	PGx	10:94781858	p.Trp212*	3 (expert panel)	0.021294	1.0	HIGH_GENOTYPED	GENOTYPED	SNP_OK	0.01	0.05	0.011294	0.005000	0.015000	0.005000	CYP2C19 Poor Metabolizer
rs12248560	CYP2C19	PGx	10:94781858	p.(promoter gain-of-function)	3 (expert panel)	0.164354	0.9924	HIGH_IMPUTED	IMPUTED	SNP_OK	0.25	0.18	-0.085646	0.250000	0.200000	0.200000	CYP2C19 Ultrarapid Metabolizer
rs1799853	CYP2C9	PGx	10:94942290	p.Arg144Cys	3 (expert panel)	0.056388	1.0	HIGH_GENOTYPED	GENOTYPED	SNP_OK	0.11	0.02	-0.053612	0.020000	0.040000	0.050000	CYP2C9 Reduced Metabolizer
rs1057910	CYP2C9	PGx	10:94981296	p.Ile359Leu	3 (expert panel)	0.089117	1.0	HIGH_GENOTYPED	GENOTYPED	SNP_OK	0.12	0.015	-0.030883	0.010000	0.030000	0.030000	CYP2C9 Poor Metabolizer
rs776746	CYP3A5	PGx	7:99646258	p.(splicing)	3 (expert panel)	0.887791	0.999	HIGH_GENOTYPED	GENOTYPED	SNP_OK	0.7	0.35	0.187791	0.100000	0.350000	0.450000	CYP3A5 Non-expresser
rs3745274	CYP2B6	PGx	19:40991390	p.Gln172His	2 (criteria provided)	0.272101	0.9999	HIGH_GENOTYPED	GENOTYPED	SNP_OK	0.2	0.25	0.072101	0.350000	0.200000	0.200	CYP2B6 Reduced Metabolizer
rs762551	CYP1A2	PGx	15:75011853	p.(promoter inducible)	2 (criteria provided)	0.625433	0.9939	HIGH_GENOTYPED	GENOTYPED	SNP_OK	0.7	0.62	-0.074567	0.500000	0.600000	0.650000	CYP1A2 Rapid/Ultrarapid Inducer
rs3918290	DPYD	PGx	1:97981343	p.(splicing)	4 (reviewed by expert panel)	0.003705	0.662	MEDIUM_IMPUTED	IMPUTED	SNP_OK	0.008	0.001	-0.004295	0.001000	0.002000	0.001000	DPYD Deficiency / 5-FU Toxicity
rs67376798	DPYD	PGx	1:97915614	p.Asp949Val	3 (expert panel)	0.001425	0.5824	MEDIUM_IMPUTED	IMPUTED	SNP_OK	0.01	0.002	-0.008575	0.002000	0.004000	0.003000	DPYD Reduced Function / 5-FU Toxicity
rs75017182	DPYD	PGx	1:97040071	p.(splicing)	3 (expert panel)	0.009185	0.9525	HIGH_IMPUTED	IMPUTED	SNP_OK	0.02	0.006	-0.010815	0.010000	0.010000	0.008000	DPYD Reduced Function / 5-FU Toxicity
rs1800462	TPMT	PGx	6:18155073	p.Ala80Pro	4 (reviewed by expert panel)	0.002206	0.4605	MEDIUM_IMPUTED	IMPUTED	SNP_OK	0.005	0.001	-0.002794	0.001000	0.002000	0.001000	TPMT Deficiency / Thiopurine Toxicity
rs1800460	TPMT	PGx	6:18130918	p.Ala154Thr	4 (reviewed by expert panel)	0.015775	0.9998	HIGH_GENOTYPED	GENOTYPED	SNP_OK	0.05	0.015	-0.034225	0.020000	0.030000	0.020000	TPMT Deficiency / Thiopurine Toxicity
rs1142345	TPMT	PGx	6:18130919	p.Tyr240Cys	4 (reviewed by expert panel)	0.020112	0.9999	HIGH_GENOTYPED	GENOTYPED	SNP_OK	0.05	0.015	-0.029888	0.020000	0.030000	0.020000	TPMT Deficiency / Thiopurine Toxicity
rs116855232	NUDT15	PGx	13:48037748	p.Arg139Cys	4 (reviewed by expert panel)	0.060306	0.9932	HIGH_GENOTYPED	GENOTYPED	SNP_OK	0.002	0.03	0.058306	0.001000	0.010000	0.001000	NUDT15 Deficiency / Thiopurine Toxicity
rs3064744	UGT1A1	PGx	2:233760233	p.(promoter)	4 (reviewed by expert panel)	0.299106	0.9908	HIGH_IMPUTED	IMPUTED	SNP_OK	0.28	0.2	0.019106	0.450000	0.300000	0.250000	Gilbert Syndrome / Irinotecan Toxicity
rs4149056	SLCO1B1	PGx	12:21349098	p.Val174Ala	4 (reviewed by expert panel)	0.124886	0.9968	HIGH_GENOTYPED	GENOTYPED	SNP_OK	0.15	0.1	-0.025114	0.050000	0.080000	0.080000	SLCO1B1 Reduced Function / Statin Myopathy
rs9923231	VKORC1	PGx	16:31102321	p.(promoter)	4 (reviewed by expert panel)	0.570591	0.971	HIGH_IMPUTED	IMPUTED	SNP_OK	0.42	0.25	0.150591	0.100000	0.300000	0.350000	VKORC1 Low-Expression / Warfarin Sensitivity
rs6025	F5	PGx	1:169519049	p.Arg534Gln	4 (reviewed by expert panel)	0.020525	0.9863	HIGH_GENOTYPED	GENOTYPED	SNP_OK	0.05	0.005	-0.029475	0.001000	0.020000	0.010000	Factor V Leiden Thrombophilia
rs1799963	F2	PGx	11:46761055	p.(3'UTR)	3 (expert panel)	0.006525	0.8293	HIGH_IMPUTED	IMPUTED	SNP_OK	0.035	0.005	-0.028475	0.001000	0.010000	0.005000	Prothrombin G20210A Thrombophilia
rs1801133	MTHFR	PGx	1:11796321	p.Ala222Val	3 (expert panel)	0.307554	0.9786	HIGH_GENOTYPED	GENOTYPED	SNP_OK	0.4	0.3	-0.092446	0.150000	0.250000	0.250000	MTHFR Thermolabile Variant
rs1801131	MTHFR	PGx	1:11794419	p.Glu429Ala	2 (criteria provided)	0.320946	0.9979	HIGH_GENOTYPED	GENOTYPED	SNP_OK	0.25	0.18	0.070946	0.100000	0.150000	0.150000	MTHFR Reduced Activity
rs4680	COMT	PGx	22:19962223	p.Val158Met	2 (criteria provided)	0.435287	0.9969	HIGH_GENOTYPED	GENOTYPED	SNP_OK	0.52	0.38	-0.084713	0.350000	0.420000	0.480000	COMT Met/Val Phenotype
rs6311	HTR2A	PGx	13:46985155	p.(promoter)	2 (criteria provided)	0.392795	0.9985	HIGH_GENOTYPED	GENOTYPED	SNP_OK	0.45	0.38	-0.057205	0.300000	0.350000	0.400000	HTR2A Serotonin 2A Receptor Variant
rs1799971	OPRM1	PGx	6:154360623	p.Asn40Asp	2 (criteria provided)	0.225866	0.9884	HIGH_GENOTYPED	GENOTYPED	SNP_OK	0.12	0.2	0.105866	0.020000	0.060000	0.040000	OPRM1 A118G / Opioid Response
rs429358	APOE	PGx	19:44908684	p.Cys130Arg	3 (expert panel)	0.12415	0.9744	HIGH_IMPUTED	IMPUTED	SNP_OK	0.15	0.08	-0.02585	0.140000	0.110000	0.100000	APOE ε4 Allele / Alzheimer Risk / Statin Response
rs12979860	IFNL3	PGx	19:39742686	p.Pro18Leu	2 (criteria provided)	0.226942	0.9972	HIGH_GENOTYPED	GENOTYPED	SNP_OK	0.27	0.35	-0.043058	0.600000	0.300000	0.250000	IFNL3 PEG-IFN/RBV Response (HCV)
